display_country,continent,year,departures,remittances_aud,population_millions
New Zealand,Oceania,2005,15160,556216782,5.1
New Zealand,Oceania,2006,14680,528801250,5.1
New Zealand,Oceania,2007,14200,606171570,5.1
New Zealand,Oceania,2008,14340,665753579,5.1
New Zealand,Oceania,2009,14940,523045435,5.1
New Zealand,Oceania,2010,15810,585394654,5.1
New Zealand,Oceania,2011,14390,719399842,5.1
New Zealand,Oceania,2012,13690,729616451,5.1
New Zealand,Oceania,2013,16770,725597791,5.1
New Zealand,Oceania,2014,21200,845466848,5.1
New Zealand,Oceania,2015,22370,840143283,5.1
New Zealand,Oceania,2016,22740,834354466,5.1
New Zealand,Oceania,2017,20820,850976481,5.1
New Zealand,Oceania,2018,18270,804144752,5.1
New Zealand,Oceania,2019,17630,748808852,5.1
New Zealand,Oceania,2020,16010,677008985,5.1
New Zealand,Oceania,2021,14150,729816844,5.1
New Zealand,Oceania,2022,10900,643384536,5.1
PNG,Oceania,2005,850,10817506,10.3
PNG,Oceania,2006,900,6971136,10.3
PNG,Oceania,2007,850,12043456,10.3
PNG,Oceania,2008,840,11613742,10.3
PNG,Oceania,2009,930,7480642,10.3
PNG,Oceania,2010,920,5532736,10.3
PNG,Oceania,2011,800,19433599,10.3
PNG,Oceania,2012,820,22521971,10.3
PNG,Oceania,2013,780,22563806,10.3
PNG,Oceania,2014,730,16549102,10.3
PNG,Oceania,2015,810,6232386,10.3
PNG,Oceania,2016,810,4256962,10.3
PNG,Oceania,2017,800,6734460,10.3
PNG,Oceania,2018,870,5762068,10.3
PNG,Oceania,2019,910,46369634,10.3
PNG,Oceania,2020,770,3629499,10.3
PNG,Oceania,2021,530,4904093,10.3
PNG,Oceania,2022,480,23100138,10.3
PNG,Oceania,2023,410,21339054,10.3
Solomon Islands,Oceania,2005,140,11316565,0.7
Solomon Islands,Oceania,2006,120,16971811,0.7
Solomon Islands,Oceania,2007,130,19960025,0.7
Solomon Islands,Oceania,2008,130,14443664,0.7
Solomon Islands,Oceania,2009,100,19772843,0.7
Solomon Islands,Oceania,2010,140,22560227,0.7
Solomon Islands,Oceania,2011,120,26747679,0.7
Solomon Islands,Oceania,2012,130,32742425,0.7
Solomon Islands,Oceania,2013,120,32611477,0.7
Solomon Islands,Oceania,2014,100,25809437,0.7
Solomon Islands,Oceania,2015,90,29368868,0.7
Solomon Islands,Oceania,2016,90,32046697,0.7
Solomon Islands,Oceania,2017,90,25799443,0.7
Solomon Islands,Oceania,2018,130,31440448,0.7
Solomon Islands,Oceania,2019,150,40249123,0.7
Solomon Islands,Oceania,2020,100,43463974,0.7
Solomon Islands,Oceania,2021,80,80630028,0.7
Solomon Islands,Oceania,2022,70,128208941,0.7
Solomon Islands,Oceania,2023,290,133592187,0.7
Vanuatu,Oceania,2005,110,8054229,0.3
Vanuatu,Oceania,2006,90,7883768,0.3
Vanuatu,Oceania,2007,70,8758229,0.3
Vanuatu,Oceania,2008,80,14072475,0.3
Vanuatu,Oceania,2009,100,18157429,0.3
Vanuatu,Oceania,2010,70,18594412,0.3
Vanuatu,Oceania,2011,100,34390101,0.3
Vanuatu,Oceania,2012,60,34817729,0.3
Vanuatu,Oceania,2013,50,37462007,0.3
Vanuatu,Oceania,2014,60,65700786,0.3
Vanuatu,Oceania,2015,80,62653366,0.3
Vanuatu,Oceania,2016,80,77174182,0.3
Vanuatu,Oceania,2017,60,135834375,0.3
Vanuatu,Oceania,2018,100,181960581,0.3
Vanuatu,Oceania,2019,70,240314307,0.3
Vanuatu,Oceania,2020,140,200784978,0.3
Vanuatu,Oceania,2021,520,315731905,0.3
Vanuatu,Oceania,2022,310,312569047,0.3
Kiribati,Oceania,2006,70,20524577,1.0
Kiribati,Oceania,2007,60,22026293,1.0
Kiribati,Oceania,2018,50,31565472,1.0
Kiribati,Oceania,2020,80,23567476,1.0
Kiribati,Oceania,2022,60,44412095,1.0
Kiribati,Oceania,2023,140,18379076,1.0
Nauru,Oceania,2018,50,10326193,1.0
Fiji,Oceania,2005,1270,321233131,0.9
Fiji,Oceania,2006,980,323235983,0.9
Fiji,Oceania,2007,780,289475716,0.9
Fiji,Oceania,2008,750,231750197,0.9
Fiji,Oceania,2009,680,270270391,0.9
Fiji,Oceania,2010,690,277497190,0.9
Fiji,Oceania,2011,750,253679514,0.9
Fiji,Oceania,2012,690,301160416,0.9
Fiji,Oceania,2013,720,321640709,0.9
Fiji,Oceania,2014,760,349129020,0.9
Fiji,Oceania,2015,880,398724850,0.9
Fiji,Oceania,2016,890,430332879,0.9
Fiji,Oceania,2017,900,440405983,0.9
Fiji,Oceania,2018,990,458297273,0.9
Fiji,Oceania,2019,920,452777143,0.9
Fiji,Oceania,2020,880,501105873,0.9
Fiji,Oceania,2021,540,621943614,0.9
Fiji,Oceania,2022,700,724947296,0.9
Fiji,Oceania,2023,750,757373464,0.9
Samoa,Oceania,2005,570,128932093,0.2
Samoa,Oceania,2006,560,137595460,0.2
Samoa,Oceania,2007,540,152706380,0.2
Samoa,Oceania,2008,510,172232998,0.2
Samoa,Oceania,2009,470,188793157,0.2
Samoa,Oceania,2010,540,218837540,0.2
Samoa,Oceania,2011,490,252142137,0.2
Samoa,Oceania,2012,430,280758460,0.2
Samoa,Oceania,2013,480,260041800,0.2
Samoa,Oceania,2014,560,221993083,0.2
Samoa,Oceania,2015,690,207226104,0.2
Samoa,Oceania,2016,800,206613218,0.2
Samoa,Oceania,2017,780,214448565,0.2
Samoa,Oceania,2018,900,233156656,0.2
Samoa,Oceania,2019,930,245239394,0.2
Samoa,Oceania,2020,950,322573624,0.2
Samoa,Oceania,2021,700,392447952,0.2
Samoa,Oceania,2022,700,442347434,0.2
Samoa,Oceania,2023,1640,418595655,0.2
Tonga,Oceania,2005,290,108959334,0.1
Tonga,Oceania,2006,250,123245258,0.1
Tonga,Oceania,2007,220,129245891,0.1
Tonga,Oceania,2008,220,163502287,0.1
Tonga,Oceania,2009,200,129436053,0.1
Tonga,Oceania,2010,200,116967328,0.1
Tonga,Oceania,2011,240,133252879,0.1
Tonga,Oceania,2012,220,144172946,0.1
Tonga,Oceania,2013,200,193834258,0.1
Tonga,Oceania,2014,250,188479907,0.1
Tonga,Oceania,2015,290,204259428,0.1
Tonga,Oceania,2016,360,199448986,0.1
Tonga,Oceania,2017,320,250592110,0.1
Tonga,Oceania,2018,390,274042286,0.1
Tonga,Oceania,2019,360,287003024,0.1
Tonga,Oceania,2020,360,300144669,0.1
Tonga,Oceania,2021,420,340763616,0.1
Tonga,Oceania,2022,380,340104731,0.1
Tonga,Oceania,2023,1060,397981685,0.1
UK,Europe,2005,17400,9551362407,67.7
UK,Europe,2006,17840,9647015931,67.7
UK,Europe,2007,16930,10359010503,67.7
UK,Europe,2008,19920,9472259179,67.7
UK,Europe,2009,18880,8283911334,67.7
UK,Europe,2010,21240,7823219541,67.7
UK,Europe,2011,20920,8056425484,67.7
UK,Europe,2012,19180,7812651395,67.7
UK,Europe,2013,21230,7591113813,67.7
UK,Europe,2014,24930,7800883653,67.7
UK,Europe,2015,24520,7905361707,67.7
UK,Europe,2016,23640,7240008351,67.7
UK,Europe,2017,22620,6808039848,67.7
UK,Europe,2018,21920,6935747436,67.7
UK,Europe,2019,21860,6659407002,67.7
UK,Europe,2020,17000,5131988826,67.7
UK,Europe,2021,10810,5469172751,67.7
UK,Europe,2022,14590,6264830478,67.7
UK,Europe,2023,12070,7088593288,67.7
Ireland,Europe,2005,2520,809494436,5.1
Ireland,Europe,2006,2520,852169925,5.1
Ireland,Europe,2007,2710,931275806,5.1
Ireland,Europe,2008,2980,1000736840,5.1
Ireland,Europe,2009,2990,905712396,5.1
Ireland,Europe,2010,3870,1039655688,5.1
Ireland,Europe,2011,3610,1194481774,5.1
Ireland,Europe,2012,3120,1098094215,5.1
Ireland,Europe,2013,4910,1141446697,5.1
Ireland,Europe,2014,7770,1146716662,5.1
Ireland,Europe,2015,7220,953709338,5.1
Ireland,Europe,2016,5990,909266006,5.1
Ireland,Europe,2017,4660,942749784,5.1
Ireland,Europe,2018,4040,985333929,5.1
Ireland,Europe,2019,4010,926964091,5.1
Ireland,Europe,2020,3360,436160608,5.1
Ireland,Europe,2021,2180,284170299,5.1
Ireland,Europe,2022,3350,840227557,5.1
Ireland,Europe,2023,2220,902069306,5.1
Austria,Europe,2005,350,3655341262,9.1
Austria,Europe,2006,370,3977131477,9.1
Austria,Europe,2007,320,4606683000,9.1
Austria,Europe,2008,350,5039897813,9.1
Austria,Europe,2009,350,4900657163,9.1
Austria,Europe,2010,330,4713911744,9.1
Austria,Europe,2011,380,5136271783,9.1
Austria,Europe,2012,270,4784538144,9.1
Austria,Europe,2013,250,5132329062,9.1
Austria,Europe,2014,260,5119044810,9.1
Austria,Europe,2015,240,4524498772,9.1
Austria,Europe,2016,250,4562371014,9.1
Austria,Europe,2017,260,4671956108,9.1
Austria,Europe,2018,250,4775694443,9.1
Austria,Europe,2019,230,4733772714,9.1
Austria,Europe,2020,220,4782298252,9.1
Austria,Europe,2021,160,5042754407,9.1
Austria,Europe,2022,180,4756907419,9.1
Austria,Europe,2023,170,5154259792,9.1
Belgium,Europe,2005,190,10877203044,11.6
Belgium,Europe,2006,200,11484838158,11.6
Belgium,Europe,2007,250,14207116823,11.6
Belgium,Europe,2008,300,16556927783,11.6
Belgium,Europe,2009,360,17523229270,11.6
Belgium,Europe,2010,360,17369997447,11.6
Belgium,Europe,2011,370,18531107269,11.6
Belgium,Europe,2012,290,17650894764,11.6
Belgium,Europe,2013,320,18478235087,11.6
Belgium,Europe,2014,390,19214385160,11.6
Belgium,Europe,2015,450,16534561458,11.6
Belgium,Europe,2016,480,17042449878,11.6
Belgium,Europe,2017,510,18068085761,11.6
Belgium,Europe,2018,540,19668739164,11.6
Belgium,Europe,2019,630,19638901512,11.6
Belgium,Europe,2020,500,20717350791,11.6
Belgium,Europe,2021,350,22572004958,11.6
Belgium,Europe,2022,390,22178533668,11.6
Belgium,Europe,2023,260,23134166781,11.6
France,Europe,2005,1600,22444020827,68.0
France,Europe,2006,1900,24545675490,68.0
France,Europe,2007,1780,27786537705,68.0
France,Europe,2008,2530,31735399874,68.0
France,Europe,2009,2750,31071284906,68.0
France,Europe,2010,3730,31439248073,68.0
France,Europe,2011,3770,36248802802,68.0
France,Europe,2012,3000,35812859479,68.0
France,Europe,2013,3460,42565556858,68.0
France,Europe,2014,3990,44202093576,68.0
France,Europe,2015,4090,40207059746,68.0
France,Europe,2016,4550,40436559517,68.0
France,Europe,2017,4660,42352193882,68.0
France,Europe,2018,4700,44852324949,68.0
France,Europe,2019,5150,45446726018,68.0
France,Europe,2020,4600,47374295272,68.0
France,Europe,2021,3120,51581472573,68.0
France,Europe,2022,3240,51687484252,68.0
France,Europe,2023,2220,57987018507,68.0
Germany,Europe,2005,2540,12345242485,84.4
Germany,Europe,2006,2860,13657179722,84.4
Germany,Europe,2007,2880,17688269880,84.4
Germany,Europe,2008,4400,20874073514,84.4
Germany,Europe,2009,3760,21722284494,84.4
Germany,Europe,2010,3830,22490095630,84.4
Germany,Europe,2011,4100,25923340055,84.4
Germany,Europe,2012,3410,24293987580,84.4
Germany,Europe,2013,3540,25551957749,84.4
Germany,Europe,2014,3950,25700471710,84.4
Germany,Europe,2015,3820,23522734586,84.4
Germany,Europe,2016,4960,24109875180,84.4
Germany,Europe,2017,5010,27189305519,84.4
Germany,Europe,2018,4060,29472095113,84.4
Germany,Europe,2019,4410,28974479981,84.4
Germany,Europe,2020,3560,29735126619,84.4
Germany,Europe,2021,2100,32004546101,84.4
Germany,Europe,2022,2340,30963026458,84.4
Germany,Europe,2023,2100,33213529165,84.4
Netherlands,Europe,2005,1070,1988809482,17.9
Netherlands,Europe,2006,1020,2453167493,17.9
Netherlands,Europe,2007,1150,2575686511,17.9
Netherlands,Europe,2008,1570,2605577061,17.9
Netherlands,Europe,2009,1410,4438873902,17.9
Netherlands,Europe,2010,1370,4391096972,17.9
Netherlands,Europe,2011,1300,5082844141,17.9
Netherlands,Europe,2012,1060,4866287727,17.9
Netherlands,Europe,2013,1150,5175585620,17.9
Netherlands,Europe,2014,1320,5882568277,17.9
Netherlands,Europe,2015,1300,5176472921,17.9
Netherlands,Europe,2016,1430,5065680796,17.9
Netherlands,Europe,2017,1640,5398956404,17.9
Netherlands,Europe,2018,1400,5884049831,17.9
Netherlands,Europe,2019,1590,5804099608,17.9
Netherlands,Europe,2020,1250,5723218977,17.9
Netherlands,Europe,2021,880,6251778458,17.9
Netherlands,Europe,2022,1020,6016885105,17.9
Netherlands,Europe,2023,820,6751329041,17.9
Switzerland,Europe,2005,600,3133793583,8.7
Switzerland,Europe,2006,660,3296190391,8.7
Switzerland,Europe,2007,700,3258555119,8.7
Switzerland,Europe,2008,750,3944610600,8.7
Switzerland,Europe,2009,700,4155036352,8.7
Switzerland,Europe,2010,660,4417141279,8.7
Switzerland,Europe,2011,670,4822234600,8.7
Switzerland,Europe,2012,630,4164999206,8.7
Switzerland,Europe,2013,680,4256365449,8.7
Switzerland,Europe,2014,590,4255335542,8.7
Switzerland,Europe,2015,510,4345411519,8.7
Switzerland,Europe,2016,540,4407818445,8.7
Switzerland,Europe,2017,600,4621192739,8.7
Switzerland,Europe,2018,630,4548583700,8.7
Switzerland,Europe,2019,620,4558591612,8.7
Switzerland,Europe,2020,510,4910024101,8.7
Switzerland,Europe,2021,370,5077649999,8.7
Switzerland,Europe,2022,400,5245154245,8.7
Switzerland,Europe,2023,380,5514765375,8.7
Denmark,Europe,2005,410,1052424692,5.9
Denmark,Europe,2006,480,1169620894,5.9
Denmark,Europe,2007,390,1300662256,5.9
Denmark,Europe,2008,460,1661693370,5.9
Denmark,Europe,2009,480,1610125057,5.9
Denmark,Europe,2010,430,1462238590,5.9
Denmark,Europe,2011,440,1816819774,5.9
Denmark,Europe,2012,370,1867945899,5.9
Denmark,Europe,2013,420,2165802047,5.9
Denmark,Europe,2014,450,2343174444,5.9
Denmark,Europe,2015,420,1988043947,5.9
Denmark,Europe,2016,410,1970283373,5.9
Denmark,Europe,2017,390,2076833288,5.9
Denmark,Europe,2018,440,2236169337,5.9
Denmark,Europe,2019,420,2290429952,5.9
Denmark,Europe,2020,320,2104838888,5.9
Denmark,Europe,2021,280,2232346200,5.9
Denmark,Europe,2022,280,2211489206,5.9
Denmark,Europe,2023,250,2402076679,5.9
Finland,Europe,2005,180,1093797780,5.5
Finland,Europe,2006,260,1398970974,5.5
Finland,Europe,2007,230,1566299300,5.5
Finland,Europe,2008,250,1781135659,5.5
Finland,Europe,2009,260,1752097041,5.5
Finland,Europe,2010,290,1589943154,5.5
Finland,Europe,2011,290,2676806119,5.5
Finland,Europe,2012,260,2658304170,5.5
Finland,Europe,2013,310,1695667437,5.5
Finland,Europe,2014,330,1688276909,5.5
Finland,Europe,2015,310,1367363412,5.5
Finland,Europe,2016,380,1360323938,5.5
Finland,Europe,2017,340,1435118923,5.5
Finland,Europe,2018,430,1328864287,5.5
Finland,Europe,2019,410,1330299611,5.5
Finland,Europe,2020,340,945046444,5.5
Finland,Europe,2021,220,1054421373,5.5
Finland,Europe,2022,220,1045279225,5.5
Finland,Europe,2023,150,1182257500,5.5
Norway,Europe,2005,960,798339912,5.5
Norway,Europe,2006,950,835556297,5.5
Norway,Europe,2007,770,974348893,5.5
Norway,Europe,2008,660,1082254102,5.5
Norway,Europe,2009,590,997724609,5.5
Norway,Europe,2010,610,1074355034,5.5
Norway,Europe,2011,590,1208690820,5.5
Norway,Europe,2017,400,972926886,5.5
Norway,Europe,2018,400,1018068466,5.5
Norway,Europe,2019,460,972872634,5.5
Norway,Europe,2020,330,930630748,5.5
Norway,Europe,2021,260,1061421391,5.5
Norway,Europe,2022,200,1572236180,5.5
Norway,Europe,2023,180,1518915892,5.5
Sweden,Europe,2005,710,2862179566,10.5
Sweden,Europe,2006,780,3547242380,10.5
Sweden,Europe,2007,890,5064619084,10.5
Sweden,Europe,2008,940,6470876047,10.5
Sweden,Europe,2009,910,6269367696,10.5
Sweden,Europe,2010,950,6416345163,10.5
Sweden,Europe,2011,1090,6927816328,10.5
Sweden,Europe,2012,830,6783718715,10.5
Sweden,Europe,2013,990,7384905732,10.5
Sweden,Europe,2014,1070,7410153220,10.5
Sweden,Europe,2015,1040,5969203619,10.5
Sweden,Europe,2016,1080,5043230719,10.5
Sweden,Europe,2017,1150,5150473143,10.5
Sweden,Europe,2018,1050,5171296623,10.5
Sweden,Europe,2019,1020,5347068545,10.5
Sweden,Europe,2020,870,5160116373,10.5
Sweden,Europe,2021,520,5154318927,10.5
Sweden,Europe,2022,570,5843658513,10.5
Sweden,Europe,2023,390,6131542134,10.5
Italy,Europe,2005,1080,6464620215,1.0
Italy,Europe,2006,1090,6439808984,1.0
Italy,Europe,2007,1060,7260481405,1.0
Italy,Europe,2008,1290,11620604454,1.0
Italy,Europe,2009,1200,11125239348,1.0
Italy,Europe,2010,1380,12600710529,1.0
Italy,Europe,2011,1310,13795370763,1.0
Italy,Europe,2012,1260,14482500159,1.0
Italy,Europe,2013,1690,14909096473,1.0
Italy,Europe,2014,2480,15956826449,1.0
Italy,Europe,2015,2960,15180236017,1.0
Italy,Europe,2016,3260,15030277252,1.0
Italy,Europe,2017,3330,15392654151,1.0
Italy,Europe,2018,3320,15641450197,1.0
Italy,Europe,2019,3380,16524455089,1.0
Italy,Europe,2020,2640,15623872537,1.0
Italy,Europe,2021,1710,15964229747,1.0
Italy,Europe,2022,1930,15519141830,1.0
Italy,Europe,2023,1330,19122584424,1.0
Malta,Europe,2005,170,350890490,0.5
Malta,Europe,2006,120,329897639,0.5
Malta,Europe,2007,140,362272984,0.5
Malta,Europe,2008,120,417850601,0.5
Malta,Europe,2009,160,410646609,0.5
Malta,Europe,2010,150,362714818,0.5
Malta,Europe,2011,140,358857358,0.5
Malta,Europe,2012,110,316171338,0.5
Malta,Europe,2013,170,388487951,0.5
Malta,Europe,2014,150,399392185,0.5
Malta,Europe,2015,140,433552421,0.5
Malta,Europe,2016,130,397257372,0.5
Malta,Europe,2017,110,38328492,0.5
Malta,Europe,2018,120,32633985,0.5
Malta,Europe,2019,110,20839321,0.5
Malta,Europe,2020,110,21671236,0.5
Malta,Europe,2021,70,22078657,0.5
Malta,Europe,2022,80,19503825,0.5
Malta,Europe,2023,90,24612482,0.5
Portugal,Europe,2005,250,610825203,10.2
Portugal,Europe,2006,250,695403734,10.2
Portugal,Europe,2007,250,963725548,10.2
Portugal,Europe,2008,250,1012649043,10.2
Portugal,Europe,2009,260,945138248,10.2
Portugal,Europe,2010,220,816696625,10.2
Portugal,Europe,2011,210,997558346,10.2
Portugal,Europe,2012,180,858477293,10.2
Portugal,Europe,2013,190,892280534,10.2
Portugal,Europe,2014,230,972010576,10.2
Portugal,Europe,2015,250,816622008,10.2
Portugal,Europe,2016,280,861606283,10.2
Portugal,Europe,2017,320,921254978,10.2
Portugal,Europe,2018,320,1140307649,10.2
Portugal,Europe,2019,310,1324167660,10.2
Portugal,Europe,2020,300,1603071723,10.2
Portugal,Europe,2021,180,2160016377,10.2
Portugal,Europe,2022,280,2563544966,10.2
Portugal,Europe,2023,230,2742059008,10.2
Spain,Europe,2005,460,1793762785,1.0
Spain,Europe,2006,420,2024857423,1.0
Spain,Europe,2007,430,2648821880,1.0
Spain,Europe,2008,590,2907791698,1.0
Spain,Europe,2009,460,2408802728,1.0
Spain,Europe,2010,460,2521608103,1.0
Spain,Europe,2011,500,2708522146,1.0
Spain,Europe,2012,470,3308379311,1.0
Spain,Europe,2013,600,4796495571,1.0
Spain,Europe,2014,890,4945978489,1.0
Spain,Europe,2015,910,4223983690,1.0
Spain,Europe,2016,1050,4158850522,1.0
Spain,Europe,2017,1210,4747497438,1.0
Spain,Europe,2018,1380,5264100353,1.0
Spain,Europe,2019,1520,5066817694,1.0
Spain,Europe,2020,1380,4840173537,1.0
Spain,Europe,2021,940,6240448316,1.0
Spain,Europe,2022,1170,6697390419,1.0
Spain,Europe,2023,810,8676523084,1.0
Albania,Europe,2005,60,2037732819,2.8
Albania,Europe,2014,50,2245191778,2.8
Albania,Europe,2015,80,2039564343,2.8
Albania,Europe,2016,80,2063494484,2.8
Albania,Europe,2017,90,2072679443,2.8
Albania,Europe,2018,120,2303971888,2.8
Albania,Europe,2019,130,2327043342,2.8
Albania,Europe,2020,100,2316259796,2.8
Albania,Europe,2021,90,2715002351,2.8
Albania,Europe,2022,90,2757487315,2.8
Albania,Europe,2023,70,3217147468,2.8
Bulgaria,Europe,2005,80,2548401635,6.3
Bulgaria,Europe,2006,120,2711968849,6.3
Bulgaria,Europe,2007,100,2675814010,6.3
Bulgaria,Europe,2008,130,3031467528,6.3
Bulgaria,Europe,2009,90,2515035512,6.3
Bulgaria,Europe,2010,110,2105997800,6.3
Bulgaria,Europe,2011,110,2343440200,6.3
Bulgaria,Europe,2012,100,2289230400,6.3
Bulgaria,Europe,2013,60,2633796800,6.3
Bulgaria,Europe,2014,90,2714282000,6.3
Bulgaria,Europe,2015,110,2407714600,6.3
Bulgaria,Europe,2016,120,2574041200,6.3
Bulgaria,Europe,2017,130,3285799600,6.3
Bulgaria,Europe,2018,110,3353044400,6.3
Bulgaria,Europe,2019,130,3374327000,6.3
Bulgaria,Europe,2020,120,3137011000,6.3
Bulgaria,Europe,2021,100,3176305600,6.3
Bulgaria,Europe,2022,150,3305439000,6.3
Bulgaria,Europe,2023,90,3612543600,6.3
Croatia,Europe,2005,490,2961660754,3.9
Croatia,Europe,2006,590,3043315758,3.9
Croatia,Europe,2007,500,3521524723,3.9
Croatia,Europe,2008,520,3958386080,3.9
Croatia,Europe,2009,450,3584747347,3.9
Croatia,Europe,2010,440,3613540078,3.9
Croatia,Europe,2011,350,3987977775,3.9
Croatia,Europe,2012,380,3293826411,3.9
Croatia,Europe,2013,370,4374661027,3.9
Croatia,Europe,2014,420,4381959295,3.9
Croatia,Europe,2015,360,4230066874,3.9
Croatia,Europe,2016,410,5092430829,3.9
Croatia,Europe,2017,360,5793826794,3.9
Croatia,Europe,2018,330,6339019534,3.9
Croatia,Europe,2019,310,6765290841,3.9
Croatia,Europe,2020,230,6627805221,3.9
Croatia,Europe,2021,260,7874462776,3.9
Croatia,Europe,2022,510,8463421944,3.9
Croatia,Europe,2023,350,9600066794,3.9
Cyprus,Europe,2005,220,165611147,1.3
Cyprus,Europe,2006,190,165127530,1.3
Cyprus,Europe,2007,200,224638093,1.3
Cyprus,Europe,2008,160,1498823668,1.3
Cyprus,Europe,2009,150,937592783,1.3
Cyprus,Europe,2010,150,1361541211,1.3
Cyprus,Europe,2011,150,1170006523,1.3
Cyprus,Europe,2012,110,949764662,1.3
Cyprus,Europe,2013,120,680978123,1.3
Cyprus,Europe,2014,140,510479196,1.3
Cyprus,Europe,2015,140,495618773,1.3
Cyprus,Europe,2016,170,611327894,1.3
Cyprus,Europe,2017,170,733843322,1.3
Cyprus,Europe,2018,150,823483434,1.3
Cyprus,Europe,2019,140,846027865,1.3
Cyprus,Europe,2020,130,896876086,1.3
Cyprus,Europe,2021,100,990830449,1.3
Cyprus,Europe,2022,130,825620321,1.3
Cyprus,Europe,2023,100,1000646210,1.3
North Macedonia,Europe,2005,400,357978197,2.1
North Macedonia,Europe,2006,370,421159118,2.1
North Macedonia,Europe,2007,370,545116154,2.1
North Macedonia,Europe,2008,380,642469003,2.1
North Macedonia,Europe,2009,340,602222630,2.1
North Macedonia,Europe,2010,290,612931228,2.1
North Macedonia,Europe,2011,330,685916626,2.1
North Macedonia,Europe,2012,300,622762647,2.1
North Macedonia,Europe,2013,400,594187783,2.1
North Macedonia,Europe,2014,400,605698225,2.1
North Macedonia,Europe,2015,340,516504533,2.1
North Macedonia,Europe,2016,310,499733830,2.1
North Macedonia,Europe,2017,280,545003434,2.1
North Macedonia,Europe,2018,320,599120094,2.1
North Macedonia,Europe,2019,280,560307630,2.1
North Macedonia,Europe,2020,910,742732323,2.1
North Macedonia,Europe,2021,280,773637285,2.1
North Macedonia,Europe,2022,330,721364122,2.1
North Macedonia,Europe,2023,280,730684931,2.1
Greece,Europe,2005,910,1927069726,10.4
Greece,Europe,2006,880,2438113912,10.4
Greece,Europe,2007,800,3923521002,10.4
Greece,Europe,2008,840,4245185815,10.4
Greece,Europe,2009,690,3194970052,10.4
Greece,Europe,2010,570,2368076030,10.4
Greece,Europe,2011,550,1875395239,10.4
Greece,Europe,2012,420,1075951423,10.4
Greece,Europe,2013,540,1271449404,10.4
Greece,Europe,2014,720,1161182453,10.4
Greece,Europe,2015,870,804751380,10.4
Greece,Europe,2016,770,659119699,10.4
Greece,Europe,2017,780,633374894,10.4
Greece,Europe,2018,890,773725354,10.4
Greece,Europe,2019,850,1068597458,10.4
Greece,Europe,2020,750,965983528,10.4
Greece,Europe,2021,640,1088408693,10.4
Greece,Europe,2022,830,948918346,10.4
Greece,Europe,2023,630,856266976,10.4
Romania,Europe,2005,220,1503817674,18.9
Romania,Europe,2006,240,1833533369,18.9
Romania,Europe,2007,280,2566366211,18.9
Romania,Europe,2008,320,2689690592,18.9
Romania,Europe,2009,280,1078292316,18.9
Romania,Europe,2010,310,1013390851,18.9
Romania,Europe,2011,270,1096703886,18.9
Romania,Europe,2012,190,1158485416,18.9
Romania,Europe,2013,230,7593120164,18.9
Romania,Europe,2014,280,8031965943,18.9
Romania,Europe,2015,270,8518438724,18.9
Romania,Europe,2016,310,9369072031,18.9
Romania,Europe,2017,270,10357941155,18.9
Romania,Europe,2018,270,11034698077,18.9
Romania,Europe,2019,270,12864406261,18.9
Romania,Europe,2020,240,12048655281,18.9
Romania,Europe,2021,220,14402922797,18.9
Romania,Europe,2022,340,13874499145,18.9
Romania,Europe,2023,210,15744738705,18.9
Slovenia,Europe,2005,80,412538000,2.1
Slovenia,Europe,2006,60,441444693,2.1
Slovenia,Europe,2007,70,505927740,2.1
Slovenia,Europe,2008,90,600781125,2.1
Slovenia,Europe,2009,80,274063425,2.1
Slovenia,Europe,2010,90,259857099,2.1
Slovenia,Europe,2011,70,332353099,2.1
Slovenia,Europe,2012,60,393556986,2.1
Slovenia,Europe,2013,70,496250416,2.1
Slovenia,Europe,2014,70,589859014,2.1
Slovenia,Europe,2015,100,631220198,2.1
Slovenia,Europe,2016,80,714121727,2.1
Slovenia,Europe,2017,90,793159171,2.1
Slovenia,Europe,2018,90,1018851035,2.1
Slovenia,Europe,2019,80,1047323507,2.1
Slovenia,Europe,2020,90,1166136381,2.1
Slovenia,Europe,2021,50,1305905627,2.1
Slovenia,Europe,2022,80,1230801135,2.1
Slovenia,Europe,2023,60,1460742395,2.1
Serbia,Europe,2007,140,5947444728,7.1
Serbia,Europe,2008,170,5601876381,7.1
Serbia,Europe,2009,190,7346812376,7.1
Serbia,Europe,2010,180,6505565464,7.1
Serbia,Europe,2011,180,6258333030,7.1
Serbia,Europe,2012,170,5603399121,7.1
Serbia,Europe,2013,200,6359175005,7.1
Serbia,Europe,2014,170,5839730556,7.1
Serbia,Europe,2015,190,5325288096,7.1
Serbia,Europe,2016,240,5064487339,7.1
Serbia,Europe,2017,190,5671614266,7.1
Serbia,Europe,2018,240,7024058850,7.1
Serbia,Europe,2019,200,6695922923,7.1
Serbia,Europe,2020,170,6112264203,7.1
Serbia,Europe,2021,260,7264428068,7.1
Serbia,Europe,2022,410,9012611225,7.1
Serbia,Europe,2023,270,9120111712,7.1
Czechia,Europe,2005,520,2118018067,10.9
Czechia,Europe,2006,500,2533130676,10.9
Czechia,Europe,2007,440,2886733177,10.9
Czechia,Europe,2008,480,1792420939,10.9
Czechia,Europe,2009,490,1889798809,10.9
Czechia,Europe,2010,430,1941920933,10.9
Czechia,Europe,2011,480,2203013960,10.9
Czechia,Europe,2012,380,2226425616,10.9
Czechia,Europe,2013,340,2745857252,10.9
Czechia,Europe,2014,370,4152653546,10.9
Czechia,Europe,2015,430,4226228397,10.9
Czechia,Europe,2016,440,4939693166,10.9
Czechia,Europe,2017,430,5664642950,10.9
Czechia,Europe,2018,520,6277518461,10.9
Czechia,Europe,2019,480,6098700603,10.9
Czechia,Europe,2020,440,6613574567,10.9
Czechia,Europe,2021,270,6931247953,10.9
Czechia,Europe,2022,260,6561018678,10.9
Czechia,Europe,2023,200,6755897220,10.9
Estonia,Europe,2005,50,402283476,1.4
Estonia,Europe,2006,70,619579305,1.4
Estonia,Europe,2007,60,602426756,1.4
Estonia,Europe,2008,90,657800197,1.4
Estonia,Europe,2009,100,537281091,1.4
Estonia,Europe,2010,200,564192790,1.4
Estonia,Europe,2011,370,693067944,1.4
Estonia,Europe,2012,390,727867435,1.4
Estonia,Europe,2013,430,892378422,1.4
Estonia,Europe,2014,550,859399259,1.4
Estonia,Europe,2015,650,722506591,1.4
Estonia,Europe,2016,570,768642569,1.4
Estonia,Europe,2017,520,798044228,1.4
Estonia,Europe,2018,510,901239073,1.4
Estonia,Europe,2019,600,856226085,1.4
Estonia,Europe,2020,560,800818179,1.4
Estonia,Europe,2021,310,932042523,1.4
Estonia,Europe,2022,240,742702365,1.4
Estonia,Europe,2023,150,769866489,1.4
Hungary,Europe,2005,270,1155774985,10.1
Hungary,Europe,2006,240,1356677024,10.1
Hungary,Europe,2007,220,1542055243,10.1
Hungary,Europe,2008,260,2077912708,10.1
Hungary,Europe,2009,230,2406350157,10.1
Hungary,Europe,2010,270,2813454445,10.1
Hungary,Europe,2011,270,3617009489,10.1
Hungary,Europe,2012,240,4926218750,10.1
Hungary,Europe,2013,240,6505433529,10.1
Hungary,Europe,2014,300,6619549717,10.1
Hungary,Europe,2015,310,6213282259,10.1
Hungary,Europe,2016,290,6570028854,10.1
Hungary,Europe,2017,270,6506634436,10.1
Hungary,Europe,2018,310,6952240467,10.1
Hungary,Europe,2019,350,7702872182,10.1
Hungary,Europe,2020,270,6185638957,10.1
Hungary,Europe,2021,220,5939920869,10.1
Hungary,Europe,2022,200,6271333014,10.1
Hungary,Europe,2023,160,8119224541,10.1
Latvia,Europe,2005,70,598904827,1.8
Latvia,Europe,2006,90,758605479,1.8
Latvia,Europe,2007,80,869769957,1.8
Latvia,Europe,2008,90,3034278107,1.8
Latvia,Europe,2009,70,2506924592,1.8
Latvia,Europe,2010,60,1986638382,1.8
Latvia,Europe,2011,70,2378995524,1.8
Latvia,Europe,2012,60,2367780412,1.8
Latvia,Europe,2013,50,2535018551,1.8
Latvia,Europe,2014,60,2454499402,1.8
Latvia,Europe,2015,70,2110514608,1.8
Latvia,Europe,2016,50,1951213874,1.8
Latvia,Europe,2017,50,2013150877,1.8
Latvia,Europe,2018,70,1955011926,1.8
Latvia,Europe,2019,60,1805326704,1.8
Lithuania,Europe,2005,60,1177528709,2.8
Lithuania,Europe,2006,70,1571164702,2.8
Lithuania,Europe,2007,50,2264290572,2.8
Lithuania,Europe,2008,50,2473188784,2.8
Lithuania,Europe,2009,80,1958953869,2.8
Lithuania,Europe,2011,50,3089556480,2.8
Lithuania,Europe,2012,70,2381348120,2.8
Lithuania,Europe,2013,70,3254647342,2.8
Lithuania,Europe,2014,90,3338920708,2.8
Lithuania,Europe,2015,90,2169051511,2.8
Lithuania,Europe,2016,120,2022293147,2.8
Lithuania,Europe,2017,110,2058033983,2.8
Lithuania,Europe,2018,130,2191426016,2.8
Lithuania,Europe,2019,180,2060225692,2.8
Lithuania,Europe,2020,170,1249115625,2.8
Lithuania,Europe,2021,130,1229362292,2.8
Lithuania,Europe,2022,90,1162797155,2.8
Lithuania,Europe,2023,90,1543195849,2.8
Poland,Europe,2005,780,11507140000,37.6
Poland,Europe,2006,850,15109540000,37.6
Poland,Europe,2007,880,18920500000,37.6
Poland,Europe,2008,930,19467180000,37.6
Poland,Europe,2009,750,16138120000,37.6
Poland,Europe,2010,790,12184960000,37.6
Poland,Europe,2011,810,12273440000,37.6
Poland,Europe,2012,660,11124780000,37.6
Poland,Europe,2013,710,11782060000,37.6
Poland,Europe,2014,790,11799440000,37.6
Poland,Europe,2015,720,10799300000,37.6
Poland,Europe,2016,830,10685540000,37.6
Poland,Europe,2017,780,11541900000,37.6
Poland,Europe,2018,810,12012740000,37.6
Poland,Europe,2019,950,11873700000,37.6
Poland,Europe,2020,760,11752040000,37.6
Poland,Europe,2021,650,12527820000,37.6
Poland,Europe,2022,770,11951120000,37.6
Poland,Europe,2023,530,13493200000,37.6
Ukraine,Europe,2005,220,3804640000,37.0
Ukraine,Europe,2006,280,4901160000,37.0
Ukraine,Europe,2007,260,8358200000,37.0
Ukraine,Europe,2008,260,10715560000,37.0
Ukraine,Europe,2009,270,9386780000,37.0
Ukraine,Europe,2010,220,10325300000,37.0
Ukraine,Europe,2011,270,12358760000,37.0
Ukraine,Europe,2012,180,13349420000,37.0
Ukraine,Europe,2013,190,15273860000,37.0
Ukraine,Europe,2014,210,11619320000,37.0
Ukraine,Europe,2015,210,13388920000,37.0
Ukraine,Europe,2016,280,14965760000,37.0
Ukraine,Europe,2017,270,19168560000,37.0
Ukraine,Europe,2018,230,23216520000,37.0
Ukraine,Europe,2019,300,24945040000,37.0
Ukraine,Europe,2020,240,24036540000,37.0
Ukraine,Europe,2021,210,28534800000,37.0
Ukraine,Europe,2022,220,26517140000,37.0
Ukraine,Europe,2023,230,23647860000,37.0
Algeria,Africa,2005,50,268600000,45.6
Algeria,Africa,2006,50,298620000,45.6
Algeria,Africa,2007,50,156427210,45.6
Algeria,Africa,2008,50,163738382,45.6
Algeria,Africa,2009,50,237532399,45.6
Algeria,Africa,2010,60,310611075,45.6
Algeria,Africa,2011,60,320534310,45.6
Algeria,Africa,2012,50,339449204,45.6
Algeria,Africa,2013,50,331170281,45.6
Algeria,Africa,2015,50,3155881664,45.6
Algeria,Africa,2016,60,3142657283,45.6
Algeria,Africa,2017,50,2831181576,45.6
Algeria,Africa,2018,50,3136297471,45.6
Algeria,Africa,2019,50,2821625119,45.6
Algeria,Africa,2020,50,2685382117,45.6
Algeria,Africa,2022,60,2693439145,45.6
Morocco,Africa,2007,50,10634146456,37.5
Morocco,Africa,2008,60,10892974612,37.5
Morocco,Africa,2009,50,9905205746,37.5
Morocco,Africa,2010,50,10147615618,37.5
Morocco,Africa,2011,60,11464971209,37.5
Morocco,Africa,2012,50,10282490355,37.5
Morocco,Africa,2013,60,10873085937,37.5
Morocco,Africa,2014,60,12306138129,37.5
Morocco,Africa,2015,60,10907598948,37.5
Morocco,Africa,2016,60,10085888736,37.5
Morocco,Africa,2017,80,10780343347,37.5
Morocco,Africa,2018,80,10932683517,37.5
Morocco,Africa,2019,80,11000873956,37.5
Morocco,Africa,2020,60,11714338776,37.5
Morocco,Africa,2021,60,17231921067,37.5
Morocco,Africa,2022,90,17649268644,37.5
Morocco,Africa,2023,70,18564371874,37.5
Sudan,Africa,2005,70,1111985649,46.8
Sudan,Africa,2006,100,1265309444,46.8
Sudan,Africa,2007,150,1579542985,46.8
Sudan,Africa,2008,190,2513189221,46.8
Sudan,Africa,2009,240,2203145116,46.8
Sudan,Africa,2010,230,2299749056,46.8
Sudan,Africa,2011,300,1302269037,46.8
Sudan,Africa,2012,260,941432325,46.8
Sudan,Africa,2013,210,978823909,46.8
Sudan,Africa,2014,280,800359779,46.8
Sudan,Africa,2015,210,239199377,46.8
Sudan,Africa,2016,190,242390117,46.8
Sudan,Africa,2017,170,336438896,46.8
Sudan,Africa,2018,190,671838674,46.8
Sudan,Africa,2019,220,825261315,46.8
Sudan,Africa,2020,420,782661046,46.8
Sudan,Africa,2021,250,1768050899,46.8
Sudan,Africa,2022,270,2369100878,46.8
Iraq,Middle East,2005,340,1123538000,42.1
Iraq,Middle East,2006,400,614462000,42.1
Iraq,Middle East,2007,310,4898000,42.1
Iraq,Middle East,2008,400,112022000,42.1
Iraq,Middle East,2009,520,240160000,42.1
Iraq,Middle East,2010,570,279186000,42.1
Iraq,Middle East,2011,540,352340000,42.1
Iraq,Middle East,2012,620,428180000,42.1
Iraq,Middle East,2013,760,1148660000,42.1
Iraq,Middle East,2014,790,1152452000,42.1
Iraq,Middle East,2015,530,1587110000,42.1
Iraq,Middle East,2016,570,1558512000,42.1
Iraq,Middle East,2017,600,1719830000,42.1
Iraq,Middle East,2018,750,1171886000,42.1
Iraq,Middle East,2019,730,1357536000,42.1
Iraq,Middle East,2020,570,1018152000,42.1
Iraq,Middle East,2021,590,1326410000,42.1
Iraq,Middle East,2022,710,1735472000,42.1
Iraq,Middle East,2023,620,1835486000,42.1
Israel,Middle East,2005,370,595502000,9.2
Israel,Middle East,2006,390,772304000,9.2
Israel,Middle East,2007,400,915926000,9.2
Israel,Middle East,2008,540,992872000,9.2
Israel,Middle East,2009,530,801060000,9.2
Israel,Middle East,2010,460,902970000,9.2
Israel,Middle East,2011,530,939468000,9.2
Israel,Middle East,2012,430,1082142000,9.2
Israel,Middle East,2013,440,1208384000,9.2
Israel,Middle East,2014,470,1357220000,9.2
Israel,Middle East,2015,440,1347898000,9.2
Israel,Middle East,2016,430,1522172000,9.2
Israel,Middle East,2017,410,1566096000,9.2
Israel,Middle East,2018,540,1614128000,9.2
Israel,Middle East,2019,580,1506372000,9.2
Israel,Middle East,2020,380,1631666000,9.2
Israel,Middle East,2021,370,1943558000,9.2
Israel,Middle East,2022,570,1999016000,9.2
Israel,Middle East,2023,370,1564358000,9.2
Jordan,Middle East,2005,190,3824981664,10.4
Jordan,Middle East,2006,220,4414417489,10.4
Jordan,Middle East,2007,190,5255674552,10.4
Jordan,Middle East,2008,180,5546053276,10.4
Jordan,Middle East,2009,180,5475033803,10.4
Jordan,Middle East,2010,200,5724273239,10.4
Jordan,Middle East,2011,170,5820630986,10.4
Jordan,Middle East,2012,200,6080329577,10.4
Jordan,Middle East,2013,190,8441650704,10.4
Jordan,Middle East,2014,250,10064154930,10.4
Jordan,Middle East,2015,230,8450329577,10.4
Jordan,Middle East,2016,220,6911943662,10.4
Jordan,Middle East,2017,220,7002515493,10.4
Jordan,Middle East,2018,210,7065715493,10.4
Jordan,Middle East,2019,210,7211253521,10.4
Jordan,Middle East,2020,190,7614264789,10.4
Jordan,Middle East,2021,140,8013938028,10.4
Jordan,Middle East,2022,180,7539715493,10.4
Jordan,Middle East,2023,240,6888800000,10.4
Kuwait,Middle East,2010,160,7596820,4.3
Kuwait,Middle East,2011,160,8904021,4.3
Kuwait,Middle East,2012,180,4129914,4.3
Kuwait,Middle East,2013,240,6674658,4.3
Kuwait,Middle East,2014,300,6066437,4.3
Kuwait,Middle East,2015,240,54140113,4.3
Kuwait,Middle East,2016,300,6308186,4.3
Kuwait,Middle East,2017,270,36263823,4.3
Kuwait,Middle East,2018,430,43791895,4.3
Kuwait,Middle East,2019,360,40606592,4.3
Kuwait,Middle East,2020,340,35577604,4.3
Kuwait,Middle East,2021,180,1274514771,4.3
Kuwait,Middle East,2022,160,34919372,4.3
Kuwait,Middle East,2023,170,33628009,4.3
Lebanon,Middle East,2005,860,7780410772,5.5
Lebanon,Middle East,2006,810,8219535645,5.5
Lebanon,Middle East,2007,680,9115399200,5.5
Lebanon,Middle East,2008,870,11345332200,5.5
Lebanon,Middle East,2009,1080,11941858757,5.5
Lebanon,Middle East,2010,1040,10924206940,5.5
Lebanon,Middle East,2011,950,10866524389,5.5
Lebanon,Middle East,2012,710,10540561688,5.5
Lebanon,Middle East,2013,680,11955211157,5.5
Lebanon,Middle East,2014,700,11361455444,5.5
Lebanon,Middle East,2015,700,11819690934,5.5
Lebanon,Middle East,2016,760,12017052839,5.5
Lebanon,Middle East,2017,830,11157728316,5.5
Lebanon,Middle East,2018,700,11025180234,5.5
Lebanon,Middle East,2019,640,11646067304,5.5
Lebanon,Middle East,2020,490,10417582505,5.5
Lebanon,Middle East,2021,440,10038580045,5.5
Lebanon,Middle East,2022,590,10167829851,5.5
Lebanon,Middle East,2023,590,10579955425,5.5
Oman,Middle East,2005,110,61638492,4.6
Oman,Middle East,2006,160,61638492,4.6
Oman,Middle East,2007,180,61638492,4.6
Oman,Middle East,2008,170,61638492,4.6
Oman,Middle East,2009,190,61638492,4.6
Oman,Middle East,2010,180,61638492,4.6
Oman,Middle East,2011,180,61638492,4.6
Oman,Middle East,2012,180,61638492,4.6
Oman,Middle East,2013,180,61638492,4.6
Oman,Middle East,2014,190,61638492,4.6
Oman,Middle East,2015,210,61638492,4.6
Oman,Middle East,2016,180,61638492,4.6
Oman,Middle East,2017,140,61638492,4.6
Oman,Middle East,2018,230,61638492,4.6
Oman,Middle East,2019,190,61638492,4.6
Oman,Middle East,2020,490,61638492,4.6
Oman,Middle East,2021,180,61638492,4.6
Oman,Middle East,2022,100,61638492,4.6
Oman,Middle East,2023,70,61638492,4.6
Qatar,Middle East,2011,50,906329670,2.7
Qatar,Middle East,2015,50,690598901,2.7
Qatar,Middle East,2017,50,1052175824,2.7
Qatar,Middle East,2019,50,911104396,2.7
Qatar,Middle East,2021,50,1356890110,2.7
Qatar,Middle East,2022,50,1629917582,2.7
Saudi Arabia,Middle East,2005,150,148309333,36.4
Saudi Arabia,Middle East,2006,270,166848000,36.4
Saudi Arabia,Middle East,2007,460,195077333,36.4
Saudi Arabia,Middle East,2008,620,341574933,36.4
Saudi Arabia,Middle East,2009,1120,338752000,36.4
Saudi Arabia,Middle East,2010,1670,373638400,36.4
Saudi Arabia,Middle East,2011,2830,385098667,36.4
Saudi Arabia,Middle East,2012,3070,388553600,36.4
Saudi Arabia,Middle East,2013,3050,424661867,36.4
Saudi Arabia,Middle East,2014,2710,431820320,36.4
Saudi Arabia,Middle East,2015,2670,466786352,36.4
Saudi Arabia,Middle East,2016,2970,501431749,36.4
Saudi Arabia,Middle East,2017,2630,459445040,36.4
Saudi Arabia,Middle East,2018,2490,529165173,36.4
Saudi Arabia,Middle East,2019,2220,527766347,36.4
Saudi Arabia,Middle East,2020,2550,477559854,36.4
Saudi Arabia,Middle East,2021,2460,465964625,36.4
Saudi Arabia,Middle East,2022,1670,453523907,36.4
Saudi Arabia,Middle East,2023,1270,493506979,36.4
Myanmar,Asia,2005,150,204592506,1.0
Myanmar,Asia,2006,140,181965699,1.0
Myanmar,Asia,2007,130,127994311,1.0
Myanmar,Asia,2008,140,86495552,1.0
Myanmar,Asia,2009,150,86065811,1.0
Myanmar,Asia,2010,190,181470662,1.0
Myanmar,Asia,2011,230,200780050,1.0
Myanmar,Asia,2012,230,433893377,1.0
Myanmar,Asia,2013,290,2597335737,1.0
Myanmar,Asia,2014,450,2856130727,1.0
Myanmar,Asia,2015,410,3055289538,1.0
Myanmar,Asia,2016,360,3562449378,1.0
Myanmar,Asia,2017,340,3875533633,1.0
Myanmar,Asia,2018,380,4224122108,1.0
Myanmar,Asia,2019,420,4034039865,1.0
Cambodia,Asia,2005,280,258646000,17.2
Cambodia,Asia,2006,210,290246000,17.2
Cambodia,Asia,2007,280,293564000,17.2
Cambodia,Asia,2008,330,296910440,17.2
Cambodia,Asia,2009,270,224697330,17.2
Cambodia,Asia,2010,250,880780770,17.2
Cambodia,Asia,2011,290,964826574,17.2
Cambodia,Asia,2012,290,1350968156,17.2
Cambodia,Asia,2013,360,1585255761,17.2
Cambodia,Asia,2014,350,1742934517,17.2
Cambodia,Asia,2015,370,1873043600,17.2
Cambodia,Asia,2016,440,1894750956,17.2
Cambodia,Asia,2017,420,2033958817,17.2
Cambodia,Asia,2018,510,2261461627,17.2
Cambodia,Asia,2019,550,4193941911,17.2
Cambodia,Asia,2020,550,4088656621,17.2
Cambodia,Asia,2021,690,4011318454,17.2
Cambodia,Asia,2022,540,4133306206,17.2
Cambodia,Asia,2023,490,4395378688,17.2
Thailand,Asia,2005,3070,1875491600,71.8
Thailand,Asia,2006,2830,2106708800,71.8
Thailand,Asia,2007,2660,2583063000,71.8
Thailand,Asia,2008,2860,2999487800,71.8
Thailand,Asia,2009,2960,6016640000,71.8
Thailand,Asia,2010,3510,7004392800,71.8
Thailand,Asia,2011,3840,8303879600,71.8
Thailand,Asia,2012,3530,8937726296,71.8
Thailand,Asia,2013,3280,10404079519,71.8
Thailand,Asia,2014,3120,10308101529,71.8
Thailand,Asia,2015,3150,9313571069,71.8
Thailand,Asia,2016,3130,9906641036,71.8
Thailand,Asia,2017,3420,10617784945,71.8
Thailand,Asia,2018,3850,11796409421,71.8
Thailand,Asia,2019,4190,12299651171,71.8
Thailand,Asia,2020,4370,12440030066,71.8
Thailand,Asia,2021,2790,13713536216,71.8
Thailand,Asia,2022,1860,14138952383,71.8
Thailand,Asia,2023,2190,15313390652,71.8
Indonesia,Asia,2005,5930,8563000751,277.5
Indonesia,Asia,2006,6350,9041324876,277.5
Indonesia,Asia,2007,5430,9755457200,277.5
Indonesia,Asia,2008,4690,10734837475,277.5
Indonesia,Asia,2009,4580,10732793503,277.5
Indonesia,Asia,2010,4990,10927360695,277.5
Indonesia,Asia,2011,4980,10939873408,277.5
Indonesia,Asia,2012,4750,11395270593,277.5
Indonesia,Asia,2013,5210,12030782557,277.5
Indonesia,Asia,2014,5620,13510839861,277.5
Indonesia,Asia,2015,4860,15261486450,277.5
Indonesia,Asia,2016,4500,14072516181,277.5
Indonesia,Asia,2017,4470,14203457353,277.5
Indonesia,Asia,2018,4450,17720244803,277.5
Indonesia,Asia,2019,4870,18432904193,277.5
Indonesia,Asia,2020,5120,15248463304,277.5
Indonesia,Asia,2021,4030,14855834800,277.5
Indonesia,Asia,2022,3330,20681088463,277.5
Indonesia,Asia,2023,2870,22857599631,277.5
Malaysia,Asia,2005,5140,1764816645,34.3
Malaysia,Asia,2006,5320,2157452480,34.3
Malaysia,Asia,2007,5400,2458853362,34.3
Malaysia,Asia,2008,5300,2099931943,34.3
Malaysia,Asia,2009,6100,1786778326,34.3
Malaysia,Asia,2010,6860,1742622098,34.3
Malaysia,Asia,2011,7310,1914163831,34.3
Malaysia,Asia,2012,6900,2044213067,34.3
Malaysia,Asia,2013,7500,2248924998,34.3
Malaysia,Asia,2014,8050,2495637741,34.3
Malaysia,Asia,2015,7220,2597078924,34.3
Malaysia,Asia,2016,7160,2534191311,34.3
Malaysia,Asia,2017,7960,2605332987,34.3
Malaysia,Asia,2018,9460,2663214033,34.3
Malaysia,Asia,2019,10790,2523818912,34.3
Malaysia,Asia,2020,9030,2254160838,34.3
Malaysia,Asia,2021,6430,2452688704,34.3
Malaysia,Asia,2022,4430,2555988611,34.3
Malaysia,Asia,2023,4370,2693011351,34.3
Philippines,Asia,2005,2580,21697441200,115.6
Philippines,Asia,2006,3490,24483819763,115.6
Philippines,Asia,2007,3790,25971145865,115.6
Philippines,Asia,2008,3210,29784062423,115.6
Philippines,Asia,2009,3450,31536022070,115.6
Philippines,Asia,2010,3490,34059481460,115.6
Philippines,Asia,2011,3620,36424729110,115.6
Philippines,Asia,2012,2370,38883293788,115.6
Philippines,Asia,2013,2800,42212607625,115.6
Philippines,Asia,2014,3060,45331460676,115.6
Philippines,Asia,2015,3350,47083045206,115.6
Philippines,Asia,2016,3430,49204318091,115.6
Philippines,Asia,2017,3530,51839437286,115.6
Philippines,Asia,2018,3750,53418169418,115.6
Philippines,Asia,2019,4380,55564605495,115.6
Philippines,Asia,2020,4110,55114894389,115.6
Philippines,Asia,2021,2830,57962794806,115.6
Philippines,Asia,2022,4400,60116984654,115.6
Philippines,Asia,2023,3790,61773086424,115.6
Timor-Leste,Asia,2006,110,5754869,1.0
Timor-Leste,Asia,2007,170,16502907,1.0
Timor-Leste,Asia,2008,130,27895661,1.0
Timor-Leste,Asia,2009,130,179089609,1.0
Timor-Leste,Asia,2010,140,216674797,1.0
Timor-Leste,Asia,2011,110,216295683,1.0
Timor-Leste,Asia,2012,100,189378496,1.0
Timor-Leste,Asia,2013,150,53166600,1.0
Timor-Leste,Asia,2014,110,69014234,1.0
Timor-Leste,Asia,2015,140,97306038,1.0
Timor-Leste,Asia,2016,150,126675868,1.0
Timor-Leste,Asia,2017,100,137530332,1.0
Timor-Leste,Asia,2018,110,152187073,1.0
Timor-Leste,Asia,2019,110,119623117,1.0
Timor-Leste,Asia,2020,90,151443362,1.0
Timor-Leste,Asia,2021,140,237065304,1.0
Timor-Leste,Asia,2022,160,230639996,1.0
Timor-Leste,Asia,2023,170,304920337,1.0
China,Asia,2005,9780,5272557690,1409.7
China,Asia,2006,10400,6824798322,1409.7
China,Asia,2007,11660,10796344929,1409.7
China,Asia,2008,12860,14435744102,1409.7
China,Asia,2009,14950,14550993917,1409.7
China,Asia,2010,20680,21544944688,1409.7
China,Asia,2011,23520,26178026896,1409.7
China,Asia,2012,24640,26963684793,1409.7
China,Asia,2013,23980,28108366246,1409.7
China,Asia,2014,22330,47258590937,1409.7
China,Asia,2015,23220,52305387862,1409.7
China,Asia,2016,24710,42475580652,1409.7
China,Asia,2017,27740,45308053286,1409.7
China,Asia,2018,37710,38402856233,1409.7
China,Asia,2019,51640,28905014705,1409.7
China,Asia,2020,78740,29824476217,1409.7
China,Asia,2021,59540,35518240472,1409.7
China,Asia,2022,29180,41227940459,1409.7
China,Asia,2023,22650,46585193866,1409.7
Mongolia,Asia,2005,70,279578636,1.0
Mongolia,Asia,2006,80,245203234,1.0
Mongolia,Asia,2007,90,281286926,1.0
Mongolia,Asia,2008,60,354860491,1.0
Mongolia,Asia,2009,70,315397537,1.0
Mongolia,Asia,2010,120,420663246,1.0
Mongolia,Asia,2011,140,394435341,1.0
Mongolia,Asia,2012,170,511661536,1.0
Mongolia,Asia,2013,210,406272860,1.0
Mongolia,Asia,2014,220,403092487,1.0
Mongolia,Asia,2015,240,412239016,1.0
Mongolia,Asia,2016,260,410604648,1.0
Mongolia,Asia,2017,270,431916697,1.0
Mongolia,Asia,2018,330,696075542,1.0
Mongolia,Asia,2019,510,886270064,1.0
Mongolia,Asia,2020,570,867156670,1.0
Mongolia,Asia,2021,840,744436117,1.0
Mongolia,Asia,2022,410,630774881,1.0
Mongolia,Asia,2023,190,719332143,1.0
Japan,Asia,2005,5400,1429870360,124.5
Japan,Asia,2006,5890,1859641799,124.5
Japan,Asia,2007,5720,2186610418,124.5
Japan,Asia,2008,6730,2737158698,124.5
Japan,Asia,2009,5610,2519360841,124.5
Japan,Asia,2010,5800,2661460949,124.5
Japan,Asia,2011,5000,3368132176,124.5
Japan,Asia,2012,4590,4012532710,124.5
Japan,Asia,2013,4900,3734888369,124.5
Japan,Asia,2014,4820,5899581816,124.5
Japan,Asia,2015,5070,5253654687,124.5
Japan,Asia,2016,5350,6052108665,124.5
Japan,Asia,2017,5450,7019985465,124.5
Japan,Asia,2018,6350,6903736876,124.5
Japan,Asia,2019,6270,6934182760,124.5
Japan,Asia,2020,6380,7722699718,124.5
Japan,Asia,2021,3060,8364352623,124.5
Japan,Asia,2022,2640,8544636062,124.5
Japan,Asia,2023,2670,7445412739,124.5
Korea South,Asia,2005,4610,8216632000,51.7
Korea South,Asia,2006,5180,7662210000,51.7
Korea South,Asia,2007,6050,8144742000,51.7
Korea South,Asia,2008,7430,11025398000,51.7
Korea South,Asia,2009,8790,9479210000,51.7
Korea South,Asia,2010,11590,9248846000,51.7
Korea South,Asia,2011,11740,10431476000,51.7
Korea South,Asia,2012,10430,10410778000,51.7
Korea South,Asia,2013,10040,10231132000,51.7
Korea South,Asia,2014,10480,10386130000,51.7
Korea South,Asia,2015,9400,10212962000,51.7
Korea South,Asia,2016,9030,10307288000,51.7
Korea South,Asia,2017,8890,10311712000,51.7
Korea South,Asia,2018,9420,11257658000,51.7
Korea South,Asia,2019,10190,11322438000,51.7
Korea South,Asia,2020,10910,11863114000,51.7
Korea South,Asia,2021,5850,12307094000,51.7
Korea South,Asia,2022,4310,12420380000,51.7
Korea South,Asia,2023,3450,11228270000,51.7
Bangladesh,Asia,2005,640,6816914496,172.9
Bangladesh,Asia,2006,630,8575474377,172.9
Bangladesh,Asia,2007,580,10368459789,172.9
Bangladesh,Asia,2008,590,14126166338,172.9
Bangladesh,Asia,2009,690,16622631749,172.9
Bangladesh,Asia,2010,710,17143334355,172.9
Bangladesh,Asia,2011,860,19072295631,172.9
Bangladesh,Asia,2012,690,22309010714,172.9
Bangladesh,Asia,2013,700,21909787351,172.9
Bangladesh,Asia,2014,940,23680299736,172.9
Bangladesh,Asia,2015,850,24166947030,172.9
Bangladesh,Asia,2016,950,21447371700,172.9
Bangladesh,Asia,2017,940,21333054192,172.9
Bangladesh,Asia,2018,1040,24594662250,172.9
Bangladesh,Asia,2019,1160,29014898059,172.9
Bangladesh,Asia,2020,1240,34367601437,172.9
Bangladesh,Asia,2021,1370,35084695336,172.9
Bangladesh,Asia,2022,1380,33978648574,172.9
Bangladesh,Asia,2023,910,34870664880,172.9
India,Asia,2005,4730,34957641379,1428.6
India,Asia,2006,5940,44767154802,1428.6
India,Asia,2007,6590,58802473335,1428.6
India,Asia,2008,7030,78964097528,1428.6
India,Asia,2009,8390,77742180974,1428.6
India,Asia,2010,12550,84498336932,1428.6
India,Asia,2011,14530,98748539203,1428.6
India,Asia,2012,11640,108736418183,1428.6
India,Asia,2013,11610,110553170138,1428.6
India,Asia,2014,12180,111214055619,1428.6
India,Asia,2015,11410,108877315497,1428.6
India,Asia,2016,11160,99136095262,1428.6
India,Asia,2017,10580,108968137290,1428.6
India,Asia,2018,11580,124488470067,1428.6
India,Asia,2019,13160,131664683244,1428.6
India,Asia,2020,19020,131375693236,1428.6
India,Asia,2021,21830,141212740504,1428.6
India,Asia,2022,20720,175730404061,1428.6
India,Asia,2023,13080,188851166913,1428.6
Nepal,Asia,2005,220,1914680739,30.0
Nepal,Asia,2006,240,2296105653,30.0
Nepal,Asia,2007,170,2739496459,30.0
Nepal,Asia,2008,150,4308881970,30.0
Nepal,Asia,2009,350,4713672266,30.0
Nepal,Asia,2010,630,5473266437,30.0
Nepal,Asia,2011,1020,6662692535,30.0
Nepal,Asia,2012,720,7572159796,30.0
Nepal,Asia,2013,800,8822249362,30.0
Nepal,Asia,2014,830,9304067245,30.0
Nepal,Asia,2015,870,10633298360,30.0
Nepal,Asia,2016,820,10446704899,30.0
Nepal,Asia,2017,920,10946451352,30.0
Nepal,Asia,2018,1070,13092874636,30.0
Nepal,Asia,2019,1410,13026256074,30.0
Nepal,Asia,2020,2570,12810236565,30.0
Nepal,Asia,2021,2630,12997017708,30.0
Nepal,Asia,2022,2590,14870421799,30.0
Nepal,Asia,2023,1650,17007771794,30.0
Pakistan,Asia,2005,690,6762400000,231.4
Pakistan,Asia,2006,710,8091180000,231.4
Pakistan,Asia,2007,650,9476840000,231.4
Pakistan,Asia,2008,800,11121620000,231.4
Pakistan,Asia,2009,790,13772860000,231.4
Pakistan,Asia,2010,860,15310200000,231.4
Pakistan,Asia,2011,1030,19375540000,231.4
Pakistan,Asia,2012,960,22131060000,231.4
Pakistan,Asia,2013,1070,23113820000,231.4
Pakistan,Asia,2014,1380,27245520000,231.4
Pakistan,Asia,2015,1340,30503480000,231.4
Pakistan,Asia,2016,1500,31314020000,231.4
Pakistan,Asia,2017,1740,31372480000,231.4
Pakistan,Asia,2018,1820,33484940000,231.4
Pakistan,Asia,2019,1920,35158160000,231.4
Pakistan,Asia,2020,3300,41220620000,231.4
Pakistan,Asia,2021,2940,49472960000,231.4
Pakistan,Asia,2022,2320,47678080000,231.4
Pakistan,Asia,2023,1520,41961640000,231.4
Sri Lanka,Asia,2005,1300,3121346880,22.2
Sri Lanka,Asia,2006,1190,3423496600,22.2
Sri Lanka,Asia,2007,1180,3961534000,22.2
Sri Lanka,Asia,2008,1150,4620710000,22.2
Sri Lanka,Asia,2009,1280,5271986000,22.2
Sri Lanka,Asia,2010,1560,6514545400,22.2
Sri Lanka,Asia,2011,1680,8141755800,22.2
Sri Lanka,Asia,2012,1440,9479292673,22.2
Sri Lanka,Asia,2013,1500,10147054871,22.2
Sri Lanka,Asia,2014,1910,11117395950,22.2
Sri Lanka,Asia,2015,1790,11059575730,22.2
Sri Lanka,Asia,2016,2040,11473725410,22.2
Sri Lanka,Asia,2017,1820,11360667704,22.2
Sri Lanka,Asia,2018,2020,11128002493,22.2
Sri Lanka,Asia,2019,2080,10662949230,22.2
Sri Lanka,Asia,2020,2410,11281854692,22.2
Sri Lanka,Asia,2021,2410,8724545864,22.2
Sri Lanka,Asia,2022,2150,6034610615,22.2
Sri Lanka,Asia,2023,1450,9515699362,22.2
Afghanistan,Asia,2008,130,141473889,1.0
Afghanistan,Asia,2009,170,222298363,1.0
Afghanistan,Asia,2010,170,597566518,1.0
Afghanistan,Asia,2011,270,283004167,1.0
Afghanistan,Asia,2012,180,346677418,1.0
Afghanistan,Asia,2013,200,548521161,1.0
Afghanistan,Asia,2014,360,400321158,1.0
Afghanistan,Asia,2015,210,550827053,1.0
Afghanistan,Asia,2016,190,991783068,1.0
Afghanistan,Asia,2017,220,1299915976,1.0
Afghanistan,Asia,2018,200,1269603397,1.0
Afghanistan,Asia,2019,270,1309143608,1.0
Afghanistan,Asia,2020,270,1246489042,1.0
Kazakhstan,Asia,2009,50,313157876,19.3
Kazakhstan,Asia,2011,50,283939099,19.3
Kazakhstan,Asia,2012,60,447116061,19.3
Kazakhstan,Asia,2013,80,539421276,19.3
Kazakhstan,Asia,2014,80,634181974,19.3
Kazakhstan,Asia,2015,90,464946088,19.3
Kazakhstan,Asia,2016,100,606981297,19.3
Kazakhstan,Asia,2017,100,885465123,19.3
Kazakhstan,Asia,2018,100,976502222,19.3
Kazakhstan,Asia,2019,90,799600081,19.3
Kazakhstan,Asia,2020,100,591538224,19.3
Kazakhstan,Asia,2021,90,489620244,19.3
Kazakhstan,Asia,2022,70,759668566,19.3
Kazakhstan,Asia,2023,70,479884293,19.3
Uzbekistan,Asia,2016,50,9156197014,35.3
Uzbekistan,Asia,2017,50,11265639748,35.3
Uzbekistan,Asia,2018,60,12023189633,35.3
Uzbekistan,Asia,2019,50,13502922962,35.3
Uzbekistan,Asia,2020,60,11192286774,35.3
Uzbekistan,Asia,2021,80,14657415386,35.3
Uzbekistan,Asia,2022,80,24509155357,35.3
Uzbekistan,Asia,2023,50,22386836409,35.3
Canada,Americas,2005,2100,1475177828,38.8
Canada,Americas,2006,2290,1715393356,38.8
Canada,Americas,2007,2430,1860417802,38.8
Canada,Americas,2008,2970,2053071271,38.8
Canada,Americas,2009,3470,1890382665,38.8
Canada,Americas,2010,3280,1894669245,38.8
Canada,Americas,2011,3310,1939205065,38.8
Canada,Americas,2012,3340,1982268774,38.8
Canada,Americas,2013,3750,2111730997,38.8
Canada,Americas,2014,3440,2135061409,38.8
Canada,Americas,2015,3300,2013323482,38.8
Canada,Americas,2016,3440,2037133279,38.8
Canada,Americas,2017,3510,2003733059,38.8
Canada,Americas,2018,3660,2046996202,38.8
Canada,Americas,2019,3480,2072616459,38.8
Canada,Americas,2020,3070,1298495261,38.8
Canada,Americas,2021,1800,1313774261,38.8
Canada,Americas,2022,2030,1364862423,38.8
Canada,Americas,2023,1820,1338565285,38.8
USA,Americas,2005,7380,7576100000,334.9
USA,Americas,2006,7730,8007440000,334.9
USA,Americas,2007,6980,8246020000,334.9
USA,Americas,2008,10460,8475120000,334.9
USA,Americas,2009,11350,9069200000,334.9
USA,Americas,2010,9340,9369400000,334.9
USA,Americas,2011,8300,9644320000,334.9
USA,Americas,2012,8450,9958740000,334.9
USA,Americas,2013,10110,10448540000,334.9
USA,Americas,2014,9560,10274740000,334.9
USA,Americas,2015,9170,10393240000,334.9
USA,Americas,2016,9920,10001400000,334.9
USA,Americas,2017,9130,10028260000,334.9
USA,Americas,2018,10020,10966780000,334.9
USA,Americas,2019,10040,11137420000,334.9
USA,Americas,2020,8500,10786660000,334.9
USA,Americas,2021,4660,11206940000,334.9
USA,Americas,2022,5260,12107540000,334.9
USA,Americas,2023,4340,13272000000,334.9
Argentina,Americas,2005,220,682702200,45.8
Argentina,Americas,2006,250,854203998,45.8
Argentina,Americas,2007,270,958268304,45.8
Argentina,Americas,2008,260,1114128157,45.8
Argentina,Americas,2009,330,993096954,45.8
Argentina,Americas,2010,260,1017995169,45.8
Argentina,Americas,2011,240,1101859729,45.8
Argentina,Americas,2012,250,912502080,45.8
Argentina,Americas,2013,290,845306967,45.8
Argentina,Americas,2014,290,798448089,45.8
Argentina,Americas,2015,360,781204981,45.8
Argentina,Americas,2016,480,618694895,45.8
Argentina,Americas,2017,520,758301186,45.8
Argentina,Americas,2018,610,825457575,45.8
Argentina,Americas,2019,750,887009543,45.8
Argentina,Americas,2020,840,1023982279,45.8
Argentina,Americas,2021,650,1426407287,45.8
Argentina,Americas,2022,1220,1669206635,45.8
Argentina,Americas,2023,550,1594198579,45.8
Brazil,Americas,2005,680,4432465640,215.3
Brazil,Americas,2006,670,5193715960,215.3
Brazil,Americas,2007,860,5222996520,215.3
Brazil,Americas,2008,1160,5755284300,215.3
Brazil,Americas,2009,1630,4564872010,215.3
Brazil,Americas,2010,2050,4870826948,215.3
Brazil,Americas,2011,2090,5079071544,215.3
Brazil,Americas,2012,1800,4398833848,215.3
Brazil,Americas,2013,1800,4293926608,215.3
Brazil,Americas,2014,1890,4183695451,215.3
Brazil,Americas,2015,3450,4577117724,215.3
Brazil,Americas,2016,2180,4328862712,215.3
Brazil,Americas,2017,2670,4264057629,215.3
Brazil,Americas,2018,3000,4634913057,215.3
Brazil,Americas,2019,3680,5077522249,215.3
Brazil,Americas,2020,4380,5634626713,215.3
Brazil,Americas,2021,2250,6481188673,215.3
Brazil,Americas,2022,2080,7858538801,215.3
Brazil,Americas,2023,1580,7005247506,215.3
Chile,Americas,2009,510,82062125,19.6
Chile,Americas,2010,600,98473379,19.6
Chile,Americas,2011,620,112049463,19.6
Chile,Americas,2012,650,113807464,19.6
Chile,Americas,2013,750,112350869,19.6
Chile,Americas,2014,800,95768076,19.6
Chile,Americas,2015,830,93207701,19.6
Chile,Americas,2016,870,101990758,19.6
Chile,Americas,2017,920,105135971,19.6
Chile,Americas,2018,1080,110373823,19.6
Chile,Americas,2019,1240,109608979,19.6
Chile,Americas,2020,1470,104592015,19.6
Chile,Americas,2021,610,105046257,19.6
Chile,Americas,2022,830,134572157,19.6
Chile,Americas,2023,580,153366493,19.6
Colombia,Americas,2005,310,5286064308,52.2
Colombia,Americas,2006,280,6160672665,52.2
Colombia,Americas,2007,310,7047107273,52.2
Colombia,Americas,2008,420,7626424947,52.2
Colombia,Americas,2009,610,6517282836,52.2
Colombia,Americas,2010,830,6368737195,52.2
Colombia,Americas,2011,1000,6480079108,52.2
Colombia,Americas,2012,930,6349505976,52.2
Colombia,Americas,2013,970,7030734055,52.2
Colombia,Americas,2014,1300,6581855096,52.2
Colombia,Americas,2015,1300,7902522458,52.2
Colombia,Americas,2016,1290,8203291863,52.2
Colombia,Americas,2017,1290,9193662343,52.2
Colombia,Americas,2018,1700,10546625285,52.2
Colombia,Americas,2019,1950,11243749495,52.2
Colombia,Americas,2020,1980,10940751294,52.2
Colombia,Americas,2021,1690,13601064974,52.2
Colombia,Americas,2022,1680,14938121877,52.2
Colombia,Americas,2023,1080,15976317610,52.2
Ecuador,Americas,2005,60,3886800000,18.0
Ecuador,Americas,2006,50,4635417922,18.0
Ecuador,Americas,2007,50,5279313745,18.0
Ecuador,Americas,2008,60,4880040344,18.0
Ecuador,Americas,2009,50,4333049213,18.0
Ecuador,Americas,2010,50,4106462721,18.0
Ecuador,Americas,2011,60,4235342212,18.0
Ecuador,Americas,2012,60,3912437020,18.0
Ecuador,Americas,2013,100,3884908881,18.0
Ecuador,Americas,2014,120,3906470035,18.0
Ecuador,Americas,2015,220,3772338309,18.0
Ecuador,Americas,2016,270,4127084586,18.0
Ecuador,Americas,2017,170,4501528352,18.0
Ecuador,Americas,2018,150,4801744044,18.0
Ecuador,Americas,2019,140,5123441221,18.0
Ecuador,Americas,2020,120,5283039938,18.0
Ecuador,Americas,2021,80,6900558013,18.0
Ecuador,Americas,2022,100,7501809105,18.0
Ecuador,Americas,2023,70,8614843313,18.0
Peru,Americas,2005,130,2275306707,33.4
Peru,Americas,2006,130,2903240953,33.4
Peru,Americas,2007,130,3366687168,33.4
Peru,Americas,2008,180,3860958444,33.4
Peru,Americas,2009,290,3805743057,33.4
Peru,Americas,2010,290,4003579234,33.4
Peru,Americas,2011,290,4261199522,33.4
Peru,Americas,2012,290,4485664318,33.4
Peru,Americas,2013,270,4342491662,33.4
Peru,Americas,2014,290,4249471868,33.4
Peru,Americas,2015,340,4368713854,33.4
Peru,Americas,2016,330,4650087870,33.4
Peru,Americas,2017,320,4918169246,33.4
Peru,Americas,2018,260,5110208037,33.4
Peru,Americas,2019,330,5284396994,33.4
Peru,Americas,2020,330,4592766841,33.4
Peru,Americas,2021,160,5700521585,33.4
Peru,Americas,2022,290,5863072270,33.4
Peru,Americas,2023,220,7025967471,33.4
Uruguay,Americas,2005,110,121249816,3.5
Uruguay,Americas,2006,110,140516700,3.5
Uruguay,Americas,2007,80,152432080,3.5
Uruguay,Americas,2008,110,170500960,3.5
Uruguay,Americas,2009,100,159695340,3.5
Uruguay,Americas,2010,80,197327780,3.5
Uruguay,Americas,2011,100,203560880,3.5
Uruguay,Americas,2012,90,144731454,3.5
Uruguay,Americas,2013,100,156180596,3.5
Uruguay,Americas,2014,80,154572641,3.5
Uruguay,Americas,2015,90,142621952,3.5
Uruguay,Americas,2016,80,142900182,3.5
Uruguay,Americas,2017,80,172822857,3.5
Uruguay,Americas,2018,100,180053165,3.5
Uruguay,Americas,2019,140,177389299,3.5
Uruguay,Americas,2020,170,175565478,3.5
Uruguay,Americas,2021,110,198658796,3.5
Uruguay,Americas,2022,130,197763241,3.5
Uruguay,Americas,2023,90,212681324,3.5
Costa Rica,Americas,2013,50,942310753,5.2
El Salvador,Americas,2005,80,4785188000,6.3
El Salvador,Americas,2006,80,5502666000,6.3
El Salvador,Americas,2007,60,5860299000,6.3
El Salvador,Americas,2008,70,5932505000,6.3
El Salvador,Americas,2009,80,5375697200,6.3
El Salvador,Americas,2010,50,5485502016,6.3
El Salvador,Americas,2011,70,5757439809,6.3
El Salvador,Americas,2012,50,6184196684,6.3
El Salvador,Americas,2013,50,6267036106,6.3
El Salvador,Americas,2014,70,6573397242,6.3
El Salvador,Americas,2015,70,6753900668,6.3
El Salvador,Americas,2016,80,7207296512,6.3
El Salvador,Americas,2017,70,7894238601,6.3
El Salvador,Americas,2018,60,8518947149,6.3
El Salvador,Americas,2019,90,8937671666,6.3
El Salvador,Americas,2022,50,12404583486,6.3
El Salvador,Americas,2023,60,13093292379,6.3
Mexico,Americas,2005,190,35932108650,128.5
Mexico,Americas,2006,240,41937642213,128.5
Mexico,Americas,2007,220,43476830201,128.5
Mexico,Americas,2008,230,42789117862,128.5
Mexico,Americas,2009,380,36171142208,128.5
Mexico,Americas,2010,270,35972992399,128.5
Mexico,Americas,2011,310,38220255077,128.5
Mexico,Americas,2012,280,38009426749,128.5
Mexico,Americas,2013,390,37882234979,128.5
Mexico,Americas,2014,390,40379497161,128.5
Mexico,Americas,2015,320,42383353324,128.5
Mexico,Americas,2016,380,46339535015,128.5
Mexico,Americas,2017,390,52018145540,128.5
Mexico,Americas,2018,430,57711563393,128.5
Mexico,Americas,2019,460,62936957710,128.5
Mexico,Americas,2020,560,69484693265,128.5
Mexico,Americas,2021,300,87005906705,128.5
Mexico,Americas,2022,340,97103194400,128.5
Mexico,Americas,2023,270,104655799208,128.5
Jamaica,Americas,2016,60,3844808017,2.8
Jamaica,Americas,2019,50,4048816510,2.8
Ghana,Africa,2005,90,156711630,33.5
Ghana,Africa,2006,60,166300132,33.5
Ghana,Africa,2007,70,185434665,33.5
Ghana,Africa,2008,70,199245432,33.5
Ghana,Africa,2009,50,180839974,33.5
Ghana,Africa,2010,70,214646413,33.5
Ghana,Africa,2011,80,3372729000,33.5
Ghana,Africa,2012,80,3405682100,33.5
Ghana,Africa,2013,100,2945104200,33.5
Ghana,Africa,2014,120,3172373739,33.5
Ghana,Africa,2015,110,7872258932,33.5
Ghana,Africa,2016,140,4708296043,33.5
Ghana,Africa,2017,150,5587527800,33.5
Ghana,Africa,2018,140,5562495265,33.5
Ghana,Africa,2019,120,6404837672,33.5
Ghana,Africa,2020,170,6781291745,33.5
Ghana,Africa,2021,190,3090402031,33.5
Ghana,Africa,2022,140,3362374431,33.5
Ghana,Africa,2023,90,3877850671,33.5
Nigeria,Africa,2005,120,23131333209,223.8
Nigeria,Africa,2006,80,26752787644,223.8
Nigeria,Africa,2007,90,28462800643,223.8
Nigeria,Africa,2008,110,30335958977,223.8
Nigeria,Africa,2009,100,29025859125,223.8
Nigeria,Africa,2010,120,31196712999,223.8
Nigeria,Africa,2011,80,32574500551,223.8
Nigeria,Africa,2012,110,32457757447,223.8
Nigeria,Africa,2013,140,32859376853,223.8
Nigeria,Africa,2014,150,33178553984,223.8
Nigeria,Africa,2015,210,32589154140,223.8
Nigeria,Africa,2016,200,31122742046,223.8
Nigeria,Africa,2017,170,34818486594,223.8
Nigeria,Africa,2018,200,38411415417,223.8
Nigeria,Africa,2019,280,37618664614,223.8
Nigeria,Africa,2020,260,27187924743,223.8
Nigeria,Africa,2021,320,30783775253,223.8
Nigeria,Africa,2022,230,31801630358,223.8
Nigeria,Africa,2023,230,30888287997,223.8
Botswana,Africa,2005,120,186036319,2.6
Botswana,Africa,2006,200,164097230,2.6
Botswana,Africa,2007,180,145662599,2.6
Botswana,Africa,2008,110,73980650,2.6
Botswana,Africa,2009,130,24030266,2.6
Botswana,Africa,2010,120,35267621,2.6
Botswana,Africa,2011,120,32247608,2.6
Botswana,Africa,2012,70,28602967,2.6
Botswana,Africa,2013,70,56886851,2.6
Botswana,Africa,2014,60,72874528,2.6
Botswana,Africa,2015,80,47472079,2.6
Botswana,Africa,2016,60,38903553,2.6
Botswana,Africa,2017,50,61551367,2.6
Botswana,Africa,2021,50,95722103,2.6
Ethiopia,Africa,2005,50,274160661,126.5
Ethiopia,Africa,2006,70,272002236,126.5
Ethiopia,Africa,2007,80,565384395,126.5
Ethiopia,Africa,2008,110,610980100,126.5
Ethiopia,Africa,2009,90,413331083,126.5
Ethiopia,Africa,2010,90,689107325,126.5
Ethiopia,Africa,2011,80,850577034,126.5
Ethiopia,Africa,2012,120,986489858,126.5
Ethiopia,Africa,2013,100,1316189481,126.5
Ethiopia,Africa,2014,140,2838276903,126.5
Ethiopia,Africa,2015,140,1717439067,126.5
Ethiopia,Africa,2016,150,1220132796,126.5
Ethiopia,Africa,2017,130,621539089,126.5
Ethiopia,Africa,2018,120,689394232,126.5
Ethiopia,Africa,2019,170,757806181,126.5
Ethiopia,Africa,2020,230,638459545,126.5
Ethiopia,Africa,2021,130,707282393,126.5
Ethiopia,Africa,2022,160,806117920,126.5
Ethiopia,Africa,2023,150,852189415,126.5
Kenya,Africa,2005,340,671485853,55.1
Kenya,Africa,2006,330,901325653,55.1
Kenya,Africa,2007,320,1019428437,55.1
Kenya,Africa,2008,300,1054361388,55.1
Kenya,Africa,2009,320,997708195,55.1
Kenya,Africa,2010,350,1083496490,55.1
Kenya,Africa,2011,360,1475955741,55.1
Kenya,Africa,2012,370,1913413874,55.1
Kenya,Africa,2013,340,2060758025,55.1
Kenya,Africa,2014,400,2276537075,55.1
Kenya,Africa,2015,370,2479443203,55.1
Kenya,Africa,2016,380,2756529896,55.1
Kenya,Africa,2017,370,3100391508,55.1
Kenya,Africa,2018,370,4298178377,55.1
Kenya,Africa,2019,430,4484343700,55.1
Kenya,Africa,2020,400,4910532960,55.1
Kenya,Africa,2021,340,5956741629,55.1
Kenya,Africa,2022,340,6414342118,55.1
Kenya,Africa,2023,320,6679626338,55.1
Malawi,Africa,2007,50,33201365,20.9
Malawi,Africa,2013,60,53929069,20.9
Malawi,Africa,2014,60,60809727,20.9
Malawi,Africa,2015,70,65560484,20.9
Malawi,Africa,2019,50,443842784,20.9
Mauritius,Africa,2005,240,962527,1.3
Mauritius,Africa,2006,220,1151505,1.3
Mauritius,Africa,2007,220,1111680,1.3
Mauritius,Africa,2008,220,1001256,1.3
Mauritius,Africa,2009,350,1043531,1.3
Mauritius,Africa,2010,590,1286687,1.3
Mauritius,Africa,2011,640,820012,1.3
Mauritius,Africa,2012,470,1361869,1.3
Mauritius,Africa,2013,440,873551,1.3
Mauritius,Africa,2014,450,516720046,1.3
Mauritius,Africa,2015,390,353252895,1.3
Mauritius,Africa,2016,370,306625274,1.3
Mauritius,Africa,2017,340,395384153,1.3
Mauritius,Africa,2018,390,386501595,1.3
Mauritius,Africa,2019,430,503248433,1.3
Mauritius,Africa,2020,370,449870711,1.3
Mauritius,Africa,2021,310,430509861,1.3
Mauritius,Africa,2022,280,432664121,1.3
Mauritius,Africa,2023,270,498302548,1.3
Mozambique,Africa,2007,60,157029620,33.1
Mozambique,Africa,2008,50,182875476,33.1
Mozambique,Africa,2010,50,182928031,33.1
Mozambique,Africa,2014,50,245634646,33.1
Seychelles,Africa,2005,50,19119724,1.0
Seychelles,Africa,2006,60,20965905,1.0
Seychelles,Africa,2007,50,7533477,1.0
Seychelles,Africa,2008,80,4995672,1.0
Seychelles,Africa,2010,70,27455582,1.0
Seychelles,Africa,2014,60,23820009,1.0
South Africa,Africa,2005,1900,969452343,60.4
South Africa,Africa,2006,1940,1093249718,60.4
South Africa,Africa,2007,1900,1251914881,60.4
South Africa,Africa,2008,1980,1238235774,60.4
South Africa,Africa,2009,2090,1362041577,60.4
South Africa,Africa,2010,2460,1689922781,60.4
South Africa,Africa,2011,2280,1830306454,60.4
South Africa,Africa,2012,2280,1713564204,60.4
South Africa,Africa,2013,2210,1533635433,60.4
South Africa,Africa,2014,2530,1443176904,60.4
South Africa,Africa,2015,2470,1303900498,60.4
South Africa,Africa,2016,2370,1193585797,60.4
South Africa,Africa,2017,2260,1380700634,60.4
South Africa,Africa,2018,2240,1467888542,60.4
South Africa,Africa,2019,2080,1406293684,60.4
South Africa,Africa,2020,1510,1281192934,60.4
South Africa,Africa,2021,1230,1464108333,60.4
South Africa,Africa,2022,1760,1379111810,60.4
South Africa,Africa,2023,1740,1269349256,60.4
Tanzania,Africa,2005,50,30598754,65.5
Tanzania,Africa,2006,70,24301466,65.5
Tanzania,Africa,2007,60,40228987,65.5
Tanzania,Africa,2008,70,58175201,65.5
Tanzania,Africa,2009,70,62926808,65.5
Tanzania,Africa,2010,80,543974333,65.5
Tanzania,Africa,2011,90,647110119,65.5
Tanzania,Africa,2012,70,616419443,65.5
Tanzania,Africa,2013,90,603450639,65.5
Tanzania,Africa,2014,90,615386567,65.5
Tanzania,Africa,2015,90,612674665,65.5
Tanzania,Africa,2016,100,635999704,65.5
Tanzania,Africa,2017,90,636162860,65.5
Tanzania,Africa,2018,90,652397923,65.5
Tanzania,Africa,2019,80,684929705,65.5
Tanzania,Africa,2020,70,515333950,65.5
Tanzania,Africa,2021,60,882314840,65.5
Tanzania,Africa,2022,50,1111929384,65.5
Uganda,Africa,2005,60,508457419,48.6
Uganda,Africa,2006,50,649380000,48.6
Uganda,Africa,2008,50,1143163184,48.6
Uganda,Africa,2009,50,1234133765,48.6
Uganda,Africa,2010,70,1217846829,48.6
Uganda,Africa,2011,50,1289646261,48.6
Uganda,Africa,2012,60,1442957421,48.6
Uganda,Africa,2013,60,1486249719,48.6
Uganda,Africa,2014,80,1402425869,48.6
Uganda,Africa,2015,60,1425408914,48.6
Uganda,Africa,2016,80,1810759675,48.6
Uganda,Africa,2017,90,1841868269,48.6
Uganda,Africa,2018,50,2114125201,48.6
Uganda,Africa,2019,70,2250723687,48.6
Uganda,Africa,2020,50,1677805951,48.6
Uganda,Africa,2022,50,1975594121,48.6
Uganda,Africa,2023,60,2391803141,48.6
Zambia,Africa,2005,170,83534600,20.6
Zambia,Africa,2006,140,91134400,20.6
Zambia,Africa,2007,130,93694000,20.6
Zambia,Africa,2008,120,107748100,20.6
Zambia,Africa,2009,180,65197120,20.6
Zambia,Africa,2010,190,68978553,20.6
Zambia,Africa,2011,180,73117266,20.6
Zambia,Africa,2012,140,115125120,20.6
Zambia,Africa,2013,200,85288814,20.6
Zambia,Africa,2014,210,92114478,20.6
Zambia,Africa,2015,220,74333530,20.6
Zambia,Africa,2016,180,60773817,20.6
Zambia,Africa,2017,130,147957671,20.6
Zambia,Africa,2018,100,169005689,20.6
Zambia,Africa,2019,140,155249411,20.6
Zambia,Africa,2020,110,213086434,20.6
Zambia,Africa,2021,100,378740791,20.6
Zambia,Africa,2022,90,384707916,20.6
Zambia,Africa,2023,80,388187225,20.6
Zimbabwe,Africa,2009,430,1904937979,16.3
Zimbabwe,Africa,2010,550,2232932878,16.3
Zimbabwe,Africa,2011,580,3032772083,16.3
Zimbabwe,Africa,2012,470,3339455875,16.3
Zimbabwe,Africa,2013,480,2986628927,16.3
Zimbabwe,Africa,2014,440,3008273945,16.3
Zimbabwe,Africa,2015,510,3233596094,16.3
Zimbabwe,Africa,2016,450,2932535191,16.3
Zimbabwe,Africa,2017,440,2733216432,16.3
Zimbabwe,Africa,2018,510,2255770771,16.3
Zimbabwe,Africa,2019,440,2238878886,16.3
Zimbabwe,Africa,2020,370,2894622222,16.3
Zimbabwe,Africa,2021,380,4066330479,16.3
Zimbabwe,Africa,2022,390,4874368605,16.3
Zimbabwe,Africa,2023,350,5216003067,16.3